<?xml version="1.0" encoding="UTF-8"?>
<ContentAsset xmlns="http://soap.sforce.com/2006/04/metadata">
    <isVisibleByExternalUsers>false</isVisibleByExternalUsers>
    <language>en_US</language>
    <masterLabel>astro_clipboardpng</masterLabel>
    <relationships>
        <insightsApplication>
            <access>VIEWER</access>
            <name>Learning_Adventure</name>
        </insightsApplication>
    </relationships>
    <versions>
        <version>
            <number>1</number>
            <pathOnClient>images/astro_clipboard.png</pathOnClient>
        </version>
    </versions>
</ContentAsset>
